{
    "distilbert.transformer.layer.0.attention.q_lin.weight": 0.0015714026521891356,
    "distilbert.transformer.layer.0.attention.k_lin.weight": 0.008618858642876148,
    "distilbert.transformer.layer.0.attention.v_lin.weight": 0.028688140213489532,
    "distilbert.transformer.layer.0.attention.out_lin.weight": 0.012283917516469955,
    "distilbert.transformer.layer.0.sa_layer_norm.weight": -0.015040786005556583,
    "distilbert.transformer.layer.0.ffn.lin1.weight": 0.00527416355907917,
    "distilbert.transformer.layer.0.ffn.lin2.weight": 0.03236926347017288,
    "distilbert.transformer.layer.0.output_layer_norm.weight": -0.005883936770260334,
    "distilbert.transformer.layer.1.attention.q_lin.weight": 0.00832462403923273,
    "distilbert.transformer.layer.1.attention.k_lin.weight": 0.0012600880581885576,
    "distilbert.transformer.layer.1.attention.v_lin.weight": 0.02375970594584942,
    "distilbert.transformer.layer.1.attention.out_lin.weight": 0.013537969440221786,
    "distilbert.transformer.layer.1.sa_layer_norm.weight": 0.020603999495506287,
    "distilbert.transformer.layer.1.ffn.lin1.weight": 0.006134101655334234,
    "distilbert.transformer.layer.1.ffn.lin2.weight": 0.033867791295051575,
    "distilbert.transformer.layer.1.output_layer_norm.weight": -0.0017540296539664268,
    "distilbert.transformer.layer.2.attention.q_lin.weight": 0.0028991037979722023,
    "distilbert.transformer.layer.2.attention.k_lin.weight": 0.0018552291439846158,
    "distilbert.transformer.layer.2.attention.v_lin.weight": 0.013801608234643936,
    "distilbert.transformer.layer.2.attention.out_lin.weight": 0.006572256330400705,
    "distilbert.transformer.layer.2.sa_layer_norm.weight": 0.07117865979671478,
    "distilbert.transformer.layer.2.ffn.lin1.weight": 0.011777890846133232,
    "distilbert.transformer.layer.2.ffn.lin2.weight": 0.048202384263277054,
    "distilbert.transformer.layer.2.output_layer_norm.weight": 0.08689229190349579,
    "distilbert.transformer.layer.3.attention.q_lin.weight": 0.007741650566458702,
    "distilbert.transformer.layer.3.attention.k_lin.weight": 0.015715712681412697,
    "distilbert.transformer.layer.3.attention.v_lin.weight": 0.0310094952583313,
    "distilbert.transformer.layer.3.attention.out_lin.weight": 0.01950070820748806,
    "distilbert.transformer.layer.3.sa_layer_norm.weight": -0.004643024876713753,
    "distilbert.transformer.layer.3.ffn.lin1.weight": 0.0178055539727211,
    "distilbert.transformer.layer.3.ffn.lin2.weight": 0.06978224217891693,
    "distilbert.transformer.layer.3.output_layer_norm.weight": 0.12897159159183502,
    "distilbert.transformer.layer.4.attention.q_lin.weight": 0.01211562566459179,
    "distilbert.transformer.layer.4.attention.k_lin.weight": 0.020672066137194633,
    "distilbert.transformer.layer.4.attention.v_lin.weight": 0.032783977687358856,
    "distilbert.transformer.layer.4.attention.out_lin.weight": 0.03709450736641884,
    "distilbert.transformer.layer.4.sa_layer_norm.weight": 0.07784143835306168,
    "distilbert.transformer.layer.4.ffn.lin1.weight": 0.03621285781264305,
    "distilbert.transformer.layer.4.ffn.lin2.weight": 0.14658331871032715,
    "distilbert.transformer.layer.4.output_layer_norm.weight": 0.23272964358329773,
    "distilbert.transformer.layer.5.attention.q_lin.weight": 0.02799377031624317,
    "distilbert.transformer.layer.5.attention.k_lin.weight": 0.021738015115261078,
    "distilbert.transformer.layer.5.attention.v_lin.weight": 0.07732272148132324,
    "distilbert.transformer.layer.5.attention.out_lin.weight": 0.12799818813800812,
    "distilbert.transformer.layer.5.sa_layer_norm.weight": 0.3414079248905182,
    "distilbert.transformer.layer.5.ffn.lin1.weight": 0.057376645505428314,
    "distilbert.transformer.layer.5.ffn.lin2.weight": 0.24812394380569458,
    "distilbert.transformer.layer.5.output_layer_norm.weight": 0.4798225164413452
}